[{"date": "2017-05-16 10:30:00 +0000", "text": "Version 0.2.0 of this plugin is available, but your version 0.1.0 does not yet support updating automatically. Please re-install the plugin from the repository to update. More details can be found at the \"Read more...\" link below.", "versions": ["0.1.0"], "link": "https://github.com/OctoPrint/OctoPrint-Autoselect/releases/tag/0.2.0", "plugin": "autoselect"}, {"date": "2020-03-18 10:00:00 +0000", "text": "This plugin is not compatible to OctoPrint versions 1.4.0 and above and the author has sadly stopped maintaining it. You might want to take over maintenance, if you rely on it and are able to do so.", "link": "https://github.com/OctoPrint/plugins.octoprint.org/issues/411", "plugin": "m33fio"}, {"date": "2020-04-21 08:30:00 +0000", "text": "Some users are experiencing layer shifts that seem to be caused by this plugin. If this affects you, please disable it for now and follow the discussion found at the \"Read more...\" link below.", "versions": ["1.17.0", "1.18.0", "1.19.0", "1.19.1", "1.20.0"], "link": "https://github.com/OllisGit/OctoPrint-DisplayLayerProgress/issues/124", "plugin": "DisplayLayerProgress"}, {"date": "2020-05-04 13:00:00 +0000", "text": "Version 0.2.3 of this plugin is available from a new maintainer, but your version still looks for updates at the repository of the old maintainer. Please re-install the plugin from the repository to update. The release notes of the version by the new maintainer can be found at the \"Read more...\" link below.", "versions": ["0.1.0", "0.1.1", "0.1.2", "0.1.3", "0.1.4"], "link": "https://github.com/tpmullan/OctoPrint-DetailedProgress/releases/tag/0.2.3", "plugin": "detailedprogress"}, {"date": "2020-05-18 14:50:00 +0000", "text": "This plugin seems to have been abandoned by its original author, but a new maintainer has stepped up to maintain a fork which you might want to manually install. If so, please uninstall \"OctoPrint-Display-ETA\" and then install \"OctoPrint-Display-ETA\" from the repository.", "link": "https://github.com/OctoPrint/plugins.octoprint.org/issues/466", "plugin": "octoprint_eta"}, {"date": "2020-06-15 09:45:00 +0000", "text": "Version 0.2.2 of this plugin is available, but your version does not yet support updating automatically. Please re-install the plugin from the repository to update. More details can be found at the \"Read more...\" link below.", "versions": ["0.1.0", "0.2.0", "0.2.1"], "link": "https://github.com/OctoPrint/OctoPrint-CommandSplitter/releases/tag/0.2.2", "plugin": "commandsplitter"}]