[{"url": "https://github.com/OllisGit/OctoPrint-DisplayLayerProgress", "name": "DisplayLayerProgress Plugin", "key": "DisplayLayerProgress"}, {"url": "https://github.com/fabianonline/OctoPrint-Telegram", "name": "Telegram Notifications", "key": "telegram"}, {"url": "https://github.com/OllisGit/OctoPrint-PrintJobHistory", "name": "PrintJobHistory", "key": "PrintJobHistory"}, {"url": "https://github.com/1r0b1n0/OctoPrint-Tempsgraph", "name": "Tempsgraph Plugin", "key": "tempsgraph"}, {"url": "https://github.com/jasiek/OctoPrint-Cost", "name": "Cost Plugin", "key": "cost"}, {"url": "https://github.com/google/OctoPrint-HeaterTimeout", "name": "HeaterTimeout", "key": "HeaterTimeout"}, {"url": "https://github.com/bradcfisher/OctoPrint-ExcludeRegionPlugin", "name": "Exclude Region", "key": "excluderegion"}, {"url": "https://github.com/BillyBlaze/OctoPrint-FullScreen", "name": "Fullscreen Plugin", "key": "fullscreen"}, {"url": "https://github.com/paukstelis/OctoPrint-Cancelobject", "name": "Cancel Objects", "key": "cancelobject"}, {"url": "https://github.com/malnvenshorn/OctoPrint-MetadataPreprocessor", "name": "Metadata Preprocessor", "key": "metadatapreprocessor"}, {"url": "https://github.com/jneilliii/OctoPrint-TabOrder", "name": "Tab Order", "key": "taborder"}, {"url": "https://github.com/jneilliii/OctoPrint-PrusaSlicerThumbnails", "name": "PrusaSlicer Thumbnails", "key": "prusaslicerthumbnails"}, {"url": "https://github.com/Red-M/Octoprint-Filament-Reloaded", "name": "Filament Sensor NG", "key": "filamentsensorng"}, {"url": "https://github.com/Renaud11232/OctoPrint-Resource-Monitor", "name": "Resource Monitor", "key": "resource_monitor"}, {"url": "https://github.com/kantlivelong/OctoPrint-SmartPreheat", "name": "Smart Preheat", "key": "smartpreheat"}, {"url": "https://github.com/tjjfvi/OctoPrint-SlicerSettingsTab", "name": "SlicerSettingsTab", "key": "SlicerSettingsTab"}, {"url": "https://github.com/jneilliii/OctoPrint-STLViewer", "name": "STL Viewer", "key": "stlviewer"}, {"url": "https://github.com/OctoPrint/OctoPrint-AutomaticShutdown", "name": "Automatic Shutdown", "key": "automaticshutdown"}, {"url": "https://github.com/pwnbus/OctoPrint-Progress-Title", "name": "Progress Title", "key": "progress_title"}, {"url": "https://github.com/tpmullan/OctoPrint-DetailedProgress", "name": "Detailed Progress", "key": "detailedprogress"}, {"url": "https://github.com/jneilliii/OctoPrint-UltimakerFormatPackage", "name": "Ultimaker Format Package", "key": "UltimakerFormatPackage"}, {"url": "https://github.com/tjjfvi/OctoPrint-SlicerSettingsParser", "name": "SlicerSettingsParser", "key": "SlicerSettingsParser"}, {"url": "https://github.com/OllisGit/OctoPrint-DeleteAfterPrint", "name": "DeleteAfterPrint Plugin", "key": "DeleteAfterPrint"}, {"url": "https://github.com/marian42/octoprint-preheat", "name": "Preheat Button", "key": "preheat"}, {"url": "https://github.com/OctoPrint/OctoPrint-RequestSpinner", "name": "RequestSpinner", "key": "requestspinner"}, {"url": "https://github.com/FormerLurker/Octolapse", "name": "Octolapse", "key": "octolapse"}, {"url": "https://github.com/StefanCohen/OctoPrint-Dashboard", "name": "Dashboard", "key": "dashboard"}, {"url": "https://github.com/jneilliii/OctoPrint-ConsolidateTempControl", "name": "Consolidate Temp Control", "key": "consolidate_temp_control"}, {"url": "https://github.com/kantlivelong/OctoPrint-PSUControl", "name": "PSU Control", "key": "psucontrol"}, {"url": "https://github.com/eyal0/OctoPrint-PrintTimeGenius", "name": "PrintTimeGenius Plugin", "key": "PrintTimeGenius"}, {"url": "https://github.com/malnvenshorn/OctoPrint-FilamentManager", "name": "Filament Manager", "key": "filamentmanager"}]